synthesis process,name,ManufacturingAttributeEmbedding,ManufacturingAttribute
synthesis process ID,identifier,ManufacturingAttributeEmbedding,ManufacturingAttribute
coating technique,name,ManufacturingAttributeEmbedding,ManufacturingAttribute
coating technique ID,identifier,ManufacturingAttributeEmbedding,ManufacturingAttribute
sintering procedure,name,ManufacturingAttributeEmbedding,ManufacturingAttribute
sintering procedure ID,identifier,ManufacturingAttributeEmbedding,ManufacturingAttribute
calendering method,name,ManufacturingAttributeEmbedding,ManufacturingAttribute
calendering method ID,identifier,ManufacturingAttributeEmbedding,ManufacturingAttribute
electrolyte preparation,name,ManufacturingAttributeEmbedding,ManufacturingAttribute
electrolyte preparation ID,identifier,ManufacturingAttributeEmbedding,ManufacturingAttribute
catalyst formulation,name,ManufacturingAttributeEmbedding,ManufacturingAttribute
catalyst formulation ID,identifier,ManufacturingAttributeEmbedding,ManufacturingAttribute
battery assembly process,name,ManufacturingAttributeEmbedding,ManufacturingAttribute
battery assembly process ID,identifier,ManufacturingAttributeEmbedding,ManufacturingAttribute
cell testing protocol,name,ManufacturingAttributeEmbedding,ManufacturingAttribute
cell testing protocol ID,identifier,ManufacturingAttributeEmbedding,ManufacturingAttribute
material compounding,name,ManufacturingAttributeEmbedding,ManufacturingAttribute
material compounding ID,identifier,ManufacturingAttributeEmbedding,ManufacturingAttribute
anode fabrication,name,ManufacturingAttributeEmbedding,ManufacturingAttribute
anode fabrication ID,identifier,ManufacturingAttributeEmbedding,ManufacturingAttribute
cathode layering technique,name,ManufacturingAttributeEmbedding,ManufacturingAttribute
cathode layering technique ID,identifier,ManufacturingAttributeEmbedding,ManufacturingAttribute
electrode stacking method,name,ManufacturingAttributeEmbedding,ManufacturingAttribute
electrode stacking method ID,identifier,ManufacturingAttributeEmbedding,ManufacturingAttribute
thermal treatment process,name,ManufacturingAttributeEmbedding,ManufacturingAttribute
thermal treatment process ID,identifier,ManufacturingAttributeEmbedding,ManufacturingAttribute
photovoltaic module manufacturing,name,ManufacturingAttributeEmbedding,ManufacturingAttribute
photovoltaic module manufacturing ID,identifier,ManufacturingAttributeEmbedding,ManufacturingAttribute
fuel cell production strategy,name,ManufacturingAttributeEmbedding,ManufacturingAttribute
fuel cell production strategy ID,identifier,ManufacturingAttributeEmbedding,ManufacturingAttribute
energy storage integration,name,ManufacturingAttributeEmbedding,ManufacturingAttribute
energy storage integration ID,identifier,ManufacturingAttributeEmbedding,ManufacturingAttribute
hydrogen generation method,name,ManufacturingAttributeEmbedding,ManufacturingAttribute
hydrogen generation method ID,identifier,ManufacturingAttributeEmbedding,ManufacturingAttribute
nanomaterial synthesis,name,ManufacturingAttributeEmbedding,ManufacturingAttribute
nanomaterial synthesis ID,identifier,ManufacturingAttributeEmbedding,ManufacturingAttribute
recycling protocol,name,ManufacturingAttributeEmbedding,ManufacturingAttribute
recycling protocol ID,identifier,ManufacturingAttributeEmbedding,ManufacturingAttribute
safety testing regimen,name,ManufacturingAttributeEmbedding,ManufacturingAttribute
safety testing regimen ID,identifier,ManufacturingAttributeEmbedding,ManufacturingAttribute
quality control procedure,name,ManufacturingAttributeEmbedding,ManufacturingAttribute
quality control procedure ID,identifier,ManufacturingAttributeEmbedding,ManufacturingAttribute
chemical deposition method,name,ManufacturingAttributeEmbedding,ManufacturingAttribute
chemical deposition method ID,identifier,ManufacturingAttributeEmbedding,ManufacturingAttribute
semiconductor processing,name,ManufacturingAttributeEmbedding,ManufacturingAttribute
semiconductor processing ID,identifier,ManufacturingAttributeEmbedding,ManufacturingAttribute
molecular beam epitaxy,name,ManufacturingAttributeEmbedding,ManufacturingAttribute
molecular beam epitaxy ID,identifier,ManufacturingAttributeEmbedding,ManufacturingAttribute
laser patterning technique,name,ManufacturingAttributeEmbedding,ManufacturingAttribute
laser patterning technique ID,identifier,ManufacturingAttributeEmbedding,ManufacturingAttribute
atomic layer deposition,name,ManufacturingAttributeEmbedding,ManufacturingAttribute
atomic layer deposition ID,identifier,ManufacturingAttributeEmbedding,ManufacturingAttribute
vacuum deposition process,name,ManufacturingAttributeEmbedding,ManufacturingAttribute
vacuum deposition ID,identifier,ManufacturingAttributeEmbedding,ManufacturingAttribute
screen printing method,name,ManufacturingAttributeEmbedding,ManufacturingAttribute
screen printing method ID,identifier,ManufacturingAttributeEmbedding,ManufacturingAttribute
sol-gel technique,name,ManufacturingAttributeEmbedding,ManufacturingAttribute
sol-gel technique ID,identifier,ManufacturingAttributeEmbedding,ManufacturingAttribute
3D printing process,name,ManufacturingAttributeEmbedding,ManufacturingAttribute
3D printing process ID,identifier,ManufacturingAttributeEmbedding,ManufacturingAttribute
roll-to-roll processing,name,ManufacturingAttributeEmbedding,ManufacturingAttribute
roll-to-roll processing ID,identifier,ManufacturingAttributeEmbedding,ManufacturingAttribute
gas phase synthesis,name,ManufacturingAttributeEmbedding,ManufacturingAttribute
gas phase synthesis ID,identifier,ManufacturingAttributeEmbedding,ManufacturingAttribute
pulverization method,name,ManufacturingAttributeEmbedding,ManufacturingAttribute
pulverization method ID,identifier,ManufacturingAttributeEmbedding,ManufacturingAttribute
material alloying technique,name,ManufacturingAttributeEmbedding,ManufacturingAttribute
material alloying technique ID,identifier,ManufacturingAttributeEmbedding,ManufacturingAttribute
extrusion process,name,ManufacturingAttributeEmbedding,ManufacturingAttribute
extrusion process ID,identifier,ManufacturingAttributeEmbedding,ManufacturingAttribute
forging method,name,ManufacturingAttributeEmbedding,ManufacturingAttribute
forging method ID,identifier,ManufacturingAttributeEmbedding,ManufacturingAttribute
lithography process,name,ManufacturingAttributeEmbedding,ManufacturingAttribute
lithography process ID,identifier,ManufacturingAttributeEmbedding,ManufacturingAttribute
etching procedure,name,ManufacturingAttributeEmbedding,ManufacturingAttribute
etching procedure ID,identifier,ManufacturingAttributeEmbedding,ManufacturingAttribute
material casting technique,name,ManufacturingAttributeEmbedding,ManufacturingAttribute
material casting technique ID,identifier,ManufacturingAttributeEmbedding,ManufacturingAttribute
welding operation,name,ManufacturingAttributeEmbedding,ManufacturingAttribute
welding operation ID,identifier,ManufacturingAttributeEmbedding,ManufacturingAttribute
brazing procedure,name,ManufacturingAttributeEmbedding,ManufacturingAttribute
brazing procedure ID,identifier,ManufacturingAttributeEmbedding,ManufacturingAttribute
soldering operation,name,ManufacturingAttributeEmbedding,ManufacturingAttribute
soldering operation ID,identifier,ManufacturingAttributeEmbedding,ManufacturingAttribute
heat treatment process,name,ManufacturingAttributeEmbedding,ManufacturingAttribute
heat treatment process ID,identifier,ManufacturingAttributeEmbedding,ManufacturingAttribute
cooling technique,name,ManufacturingAttributeEmbedding,ManufacturingAttribute
cooling technique ID,identifier,ManufacturingAttributeEmbedding,ManufacturingAttribute
annealing cycle,name,ManufacturingAttributeEmbedding,ManufacturingAttribute
annealing cycle ID,identifier,ManufacturingAttributeEmbedding,ManufacturingAttribute
material conditioning,name,ManufacturingAttributeEmbedding,ManufacturingAttribute
material conditioning ID,identifier,ManufacturingAttributeEmbedding,ManufacturingAttribute
powder metallurgy process,name,ManufacturingAttributeEmbedding,ManufacturingAttribute
powder metallurgy process ID,identifier,ManufacturingAttributeEmbedding,ManufacturingAttribute
ceramic processing method,name,ManufacturingAttributeEmbedding,ManufacturingAttribute
ceramic processing method ID,identifier,ManufacturingAttributeEmbedding,ManufacturingAttribute
glass forming technique,name,ManufacturingAttributeEmbedding,ManufacturingAttribute
glass forming technique ID,identifier,ManufacturingAttributeEmbedding,ManufacturingAttribute
composite fabrication,name,ManufacturingAttributeEmbedding,ManufacturingAttribute
composite fabrication ID,identifier,ManufacturingAttributeEmbedding,ManufacturingAttribute
Process Name,name,ManufacturingAttributeEmbedding,ManufacturingAttribute
Process Identifier,identifier,ManufacturingAttributeEmbedding,ManufacturingAttribute
Coating Technique Name,name,ManufacturingAttributeEmbedding,ManufacturingAttribute
Coating Technique ID,identifier,ManufacturingAttributeEmbedding,ManufacturingAttribute
Sintering Protocol Name,name,ManufacturingAttributeEmbedding,ManufacturingAttribute
Sintering Protocol Identifier,identifier,ManufacturingAttributeEmbedding,ManufacturingAttribute
Electrolyte Mixing Procedure,name,ManufacturingAttributeEmbedding,ManufacturingAttribute
Electrolyte Mixing ID,identifier,ManufacturingAttributeEmbedding,ManufacturingAttribute
Catalyst Formulation Name,name,ManufacturingAttributeEmbedding,ManufacturingAttribute
Catalyst Formulation Identifier,identifier,ManufacturingAttributeEmbedding,ManufacturingAttribute
Battery Assembly Process,name,ManufacturingAttributeEmbedding,ManufacturingAttribute
Battery Assembly ID,identifier,ManufacturingAttributeEmbedding,ManufacturingAttribute
Cell Testing Protocol Name,name,ManufacturingAttributeEmbedding,ManufacturingAttribute
Cell Testing Protocol ID,identifier,ManufacturingAttributeEmbedding,ManufacturingAttribute
Material Compounding Technique,name,ManufacturingAttributeEmbedding,ManufacturingAttribute
Material Compounding Identifier,identifier,ManufacturingAttributeEmbedding,ManufacturingAttribute
Anode Manufacturing Approach,name,ManufacturingAttributeEmbedding,ManufacturingAttribute
Anode Manufacturing ID,identifier,ManufacturingAttributeEmbedding,ManufacturingAttribute
Cathode Layering System Name,name,ManufacturingAttributeEmbedding,ManufacturingAttribute
Cathode Layering System ID,identifier,ManufacturingAttributeEmbedding,ManufacturingAttribute
Electrode Stacking Configuration,name,ManufacturingAttributeEmbedding,ManufacturingAttribute
Electrode Stacking Configuration ID,identifier,ManufacturingAttributeEmbedding,ManufacturingAttribute
Thermal Treatment Schedule Name,name,ManufacturingAttributeEmbedding,ManufacturingAttribute
Thermal Treatment Schedule ID,identifier,ManufacturingAttributeEmbedding,ManufacturingAttribute
Photovoltaic Module Production Technique,name,ManufacturingAttributeEmbedding,ManufacturingAttribute
Photovoltaic Module Production Technique ID,identifier,ManufacturingAttributeEmbedding,ManufacturingAttribute
Fuel Cell Production Strategy Name,name,ManufacturingAttributeEmbedding,ManufacturingAttribute
Fuel Cell Production Strategy Identifier,identifier,ManufacturingAttributeEmbedding,ManufacturingAttribute
Energy Storage Integration Design,name,ManufacturingAttributeEmbedding,ManufacturingAttribute
Energy Storage Integration Design ID,identifier,ManufacturingAttributeEmbedding,ManufacturingAttribute
Hydrogen Generation Method Name,name,ManufacturingAttributeEmbedding,ManufacturingAttribute
Hydrogen Generation Method ID,identifier,ManufacturingAttributeEmbedding,ManufacturingAttribute
Nanomaterial Synthesis Technique,name,ManufacturingAttributeEmbedding,ManufacturingAttribute
Nanomaterial Synthesis Technique ID,identifier,ManufacturingAttributeEmbedding,ManufacturingAttribute
Recycling Protocol Name,name,ManufacturingAttributeEmbedding,ManufacturingAttribute
Recycling Protocol Identifier,identifier,ManufacturingAttributeEmbedding,ManufacturingAttribute
Safety Testing Regimen Name,name,ManufacturingAttributeEmbedding,ManufacturingAttribute
Safety Testing Regimen ID,identifier,ManufacturingAttributeEmbedding,ManufacturingAttribute
Quality Control Procedure Name,name,ManufacturingAttributeEmbedding,ManufacturingAttribute
Quality Control Procedure ID,identifier,ManufacturingAttributeEmbedding,ManufacturingAttribute
Chemical Deposition Approach Name,name,ManufacturingAttributeEmbedding,ManufacturingAttribute
Chemical Deposition Approach ID,identifier,ManufacturingAttributeEmbedding,ManufacturingAttribute
Semiconductor Processing Type,name,ManufacturingAttributeEmbedding,ManufacturingAttribute
Semiconductor Processing Type ID,identifier,ManufacturingAttributeEmbedding,ManufacturingAttribute
Molecular Beam Epitaxy Method Name,name,ManufacturingAttributeEmbedding,ManufacturingAttribute
Molecular Beam Epitaxy Method ID,identifier,ManufacturingAttributeEmbedding,ManufacturingAttribute
Laser Patterning Style Name,name,ManufacturingAttributeEmbedding,ManufacturingAttribute
Laser Patterning Style ID,identifier,ManufacturingAttributeEmbedding,ManufacturingAttribute
Composite Fabrication Technique,name,ManufacturingAttributeEmbedding,ManufacturingAttribute
Composite Fabrication Technique ID,identifier,ManufacturingAttributeEmbedding,ManufacturingAttribute