simulation name,Simulation,NodeLabelEmbedding,NodeLabel
simulation method,Simulation,NodeLabelEmbedding,NodeLabel
simulation type,Simulation,NodeLabelEmbedding,NodeLabel
initial configuration,Simulation,NodeLabelEmbedding,NodeLabel
boundary conditions,Simulation,NodeLabelEmbedding,NodeLabel
temperature,Simulation,NodeLabelEmbedding,NodeLabel
pressure,Simulation,NodeLabelEmbedding,NodeLabel
time step,Simulation,NodeLabelEmbedding,NodeLabel
simulation duration,Simulation,NodeLabelEmbedding,NodeLabel
potential function,Simulation,NodeLabelEmbedding,NodeLabel
force field,Simulation,NodeLabelEmbedding,NodeLabel
interaction parameters,Simulation,NodeLabelEmbedding,NodeLabel
cutoff radius,Simulation,NodeLabelEmbedding,NodeLabel
ensemble type,Simulation,NodeLabelEmbedding,NodeLabel
equilibration time,Simulation,NodeLabelEmbedding,NodeLabel
production time,Simulation,NodeLabelEmbedding,NodeLabel
DFT functional,Simulation,NodeLabelEmbedding,NodeLabel
DFT basis set,Simulation,NodeLabelEmbedding,NodeLabel
exchange-correlation,Simulation,NodeLabelEmbedding,NodeLabel
convergence criteria,Simulation,NodeLabelEmbedding,NodeLabel
k-point mesh,Simulation,NodeLabelEmbedding,NodeLabel
plane wave cutoff,Simulation,NodeLabelEmbedding,NodeLabel
pseudopotential,Simulation,NodeLabelEmbedding,NodeLabel
solvation model,Simulation,NodeLabelEmbedding,NodeLabel
finite element method,Simulation,NodeLabelEmbedding,NodeLabel
grid spacing,Simulation,NodeLabelEmbedding,NodeLabel
initial guess,Simulation,NodeLabelEmbedding,NodeLabel
eigenvalue solver,Simulation,NodeLabelEmbedding,NodeLabel
algortithm,Simulation,NodeLabelEmbedding,NodeLabel
molecular dynamics,Simulation,NodeLabelEmbedding,NodeLabel
Monte Carlo,Simulation,NodeLabelEmbedding,NodeLabel
calculation method,Simulation,NodeLabelEmbedding,NodeLabel
calculation number,Simulation,NodeLabelEmbedding,NodeLabel
simulation id,Simulation,NodeLabelEmbedding,NodeLabel
run number,Simulation,NodeLabelEmbedding,NodeLabel
periodic boundary conditions,Simulation,NodeLabelEmbedding,NodeLabel
non-periodic boundary conditions,Simulation,NodeLabelEmbedding,NodeLabel
machine learning model,Simulation,NodeLabelEmbedding,NodeLabel
feature selection,Simulation,NodeLabelEmbedding,NodeLabel
hyperparameters,Simulation,NodeLabelEmbedding,NodeLabel
finite element analysis,Simulation,NodeLabelEmbedding,NodeLabel
boundary element method,Simulation,NodeLabelEmbedding,NodeLabel
Evaluation Technique,Simulation,NodeLabelEmbedding,NodeLabel
cross-validation,Simulation,NodeLabelEmbedding,NodeLabel
learning rate,Simulation,NodeLabelEmbedding,NodeLabel
batch size,Simulation,NodeLabelEmbedding,NodeLabel
number of epochs,Simulation,NodeLabelEmbedding,NodeLabel
optimizer,Simulation,NodeLabelEmbedding,NodeLabel
loss function,Simulation,NodeLabelEmbedding,NodeLabel
activation function,Simulation,NodeLabelEmbedding,NodeLabel
neural network architecture,Simulation,NodeLabelEmbedding,NodeLabel
random seed,Simulation,NodeLabelEmbedding,NodeLabel
data normalization,Simulation,NodeLabelEmbedding,NodeLabel
dimensionality reduction,Simulation,NodeLabelEmbedding,NodeLabel
principal component analysis,Simulation,NodeLabelEmbedding,NodeLabel
t-SNE,Simulation,NodeLabelEmbedding,NodeLabel
data augmentation,Simulation,NodeLabelEmbedding,NodeLabel
transfer learning,Simulation,NodeLabelEmbedding,NodeLabel
molecular descriptor,Simulation,NodeLabelEmbedding,NodeLabel
quantum mechanical simulations,Simulation,NodeLabelEmbedding,NodeLabel
classical simulations,Simulation,NodeLabelEmbedding,NodeLabel
coarse-grained simulations,Simulation,NodeLabelEmbedding,NodeLabel
hybrid simulations,Simulation,NodeLabelEmbedding,NodeLabel
multi-scale simulations,Simulation,NodeLabelEmbedding,NodeLabel
parallel computing,Simulation,NodeLabelEmbedding,NodeLabel
high-throughput simulations,Simulation,NodeLabelEmbedding,NodeLabel
automated workflow,Simulation,NodeLabelEmbedding,NodeLabel
job scheduling,Simulation,NodeLabelEmbedding,NodeLabel
computational resources,Simulation,NodeLabelEmbedding,NodeLabel
simulation output,Simulation,NodeLabelEmbedding,NodeLabel
post-processing,Simulation,NodeLabelEmbedding,NodeLabel
visualization,Simulation,NodeLabelEmbedding,NodeLabel
data analysis,Simulation,NodeLabelEmbedding,NodeLabel
reporting results,Simulation,NodeLabelEmbedding,NodeLabel